{
  "model": "StackedEnsemble_XGB_LGBM_RF_Ridge",
  "mae": 2.97,
  "rmse": 3.89,
  "r2": 0.9482,
  "feature_importance": {
    "city_tier_enc": 10.91269302368164,
    "is_monsoon": 5.603866100311279,
    "daily_earnings": 3.587425947189331,
    "aqi_risk_score": 2.5350005626678467,
    "traffic_disruption_risk": 2.4669368267059326,
    "is_heat_season": 1.743842601776123,
    "flood_risk_score": 1.716281533241272,
    "heat_risk_score": 1.545361042022705,
    "social_disruption_risk": 1.3027939796447754,
    "shield_score": 1.268814206123352,
    "rainfall_risk_score": 0.6871767640113831,
    "is_holiday_period": 0.21891647577285767,
    "month_of_year": 0.1674671769142151,
    "historical_disruption_freq": 0.11648274213075638,
    "claim_frequency": 0.07482045143842697,
    "historical_payout_count": 0.06431403756141663,
    "platform_enc": 0.0539499893784523,
    "renewal_count": 0.052294157445430756,
    "weekly_earnings": 0.0
  },
  "features": [
    "city_tier_enc",
    "platform_enc",
    "month_of_year",
    "shield_score",
    "daily_earnings",
    "weekly_earnings",
    "renewal_count",
    "historical_payout_count",
    "claim_frequency",
    "flood_risk_score",
    "aqi_risk_score",
    "heat_risk_score",
    "rainfall_risk_score",
    "traffic_disruption_risk",
    "social_disruption_risk",
    "historical_disruption_freq",
    "is_monsoon",
    "is_heat_season",
    "is_holiday_period"
  ],
  "train_size": 1600,
  "test_size": 400
}